pairing,n,label,alpha
DeepSeek_vs_gold_vote,228,R_uncanny,0.6869
DeepSeek_vs_gold_vote,228,R_ai_skepticism,0.3294
DeepSeek_vs_gold_vote,228,S_parasocial,0.6467
DeepSeek_vs_gold_vote,228,C_commercial,0.4922
DeepSeek_vs_gold_vote,228,asp_appearance,0.7497
DeepSeek_vs_gold_vote,228,asp_voice_motion,0.5676
DeepSeek_vs_gold_vote,228,asp_ai_nature,0.6622
DeepSeek_vs_gold_vote,228,asp_persona,0.5174
DeepSeek_vs_gold_vote,228,asp_product_brand,0.2110
GLM_vs_gold_vote,740,R_uncanny,0.6852
GLM_vs_gold_vote,740,R_ai_skepticism,0.4125
GLM_vs_gold_vote,740,S_parasocial,0.4269
GLM_vs_gold_vote,740,C_commercial,0.7758
GLM_vs_gold_vote,740,asp_appearance,0.7001
GLM_vs_gold_vote,740,asp_voice_motion,0.5918
GLM_vs_gold_vote,740,asp_ai_nature,0.8136
GLM_vs_gold_vote,740,asp_persona,0.2867
GLM_vs_gold_vote,740,asp_product_brand,0.7323
DeepSeek_vs_GLM,216,R_uncanny,0.4960
DeepSeek_vs_GLM,216,R_ai_skepticism,0.5347
DeepSeek_vs_GLM,216,S_parasocial,0.5326
DeepSeek_vs_GLM,216,C_commercial,0.7981
DeepSeek_vs_GLM,216,asp_appearance,0.6840
DeepSeek_vs_GLM,216,asp_voice_motion,0.5250
DeepSeek_vs_GLM,216,asp_ai_nature,0.6360
DeepSeek_vs_GLM,216,asp_persona,0.3017
DeepSeek_vs_GLM,216,asp_product_brand,0.3955
Truc_human_vs_DeepSeek,63,R_uncanny,-0.0331
Truc_human_vs_DeepSeek,63,R_ai_skepticism,0.2342
Truc_human_vs_DeepSeek,63,S_parasocial,0.3622
Truc_human_vs_DeepSeek,63,C_commercial,0.6612
Truc_human_vs_DeepSeek,63,asp_appearance,0.4930
Truc_human_vs_DeepSeek,63,asp_voice_motion,0.1843
Truc_human_vs_DeepSeek,63,asp_ai_nature,0.3883
Truc_human_vs_DeepSeek,63,asp_persona,-0.0040
Truc_human_vs_DeepSeek,63,asp_product_brand,0.6631
Truc_human_vs_GLM,84,R_uncanny,0.5555
Truc_human_vs_GLM,84,R_ai_skepticism,0.6213
Truc_human_vs_GLM,84,S_parasocial,0.2457
Truc_human_vs_GLM,84,C_commercial,1.0000
Truc_human_vs_GLM,84,asp_appearance,0.2580
Truc_human_vs_GLM,84,asp_voice_motion,0.3710
Truc_human_vs_GLM,84,asp_ai_nature,0.5789
Truc_human_vs_GLM,84,asp_persona,-0.0732
Truc_human_vs_GLM,84,asp_product_brand,0.5937
