comment_id,week,account,caption,link,text
5b0b05c29efdb395,2026-W08,Lâm Khả Hân,,https://www.facebook.com/reel/3428473637305289,Em này quyến rũ ghê
25b148c5851ee9c9,2026-W13,Lâm Khả Hân,,https://www.facebook.com/reel/1836404870367857,Mugsy Cartoon of Mugsy - a French bull dog - smiling and hugging a giant heart. Small hearts blink above his head. sticker
aa71578680331800,2026-W24,Tiểu My,,https://www.facebook.com/reel/4284597465139513,E dk đấy chuẩn
3a4c27867bd232e3,2026-W23,Hiếu Hoài,,https://www.facebook.com/reel/971034735905130,Mạnh Đông thanks a
7c084550cde9e19e,2026-W13,Tiểu Mỹ,,https://www.facebook.com/reel/979802611044083,Da hơi xấu nha ^^
71d22f16638af1c9,2026-W10,Lâm Khả Hân,,https://www.facebook.com/reel/1388606629242338,"love Em yêu anh, từ Thái Lan."
82d4f2417dd8325d,2026-W27,Quyên Nguyễn,,https://www.facebook.com/reel/901521495566693,Công nhận công nghệ AI nó làm con người chúng ta kg biết đâu là thật đâu là giả
46cfba1854b2597c,2026-W14,Tiểu Mỹ,,https://www.facebook.com/posts/pfbid0y5sv82gENvfpeTEKjLrN7TwhpGHPS3qx2CWUdW7DGbLncanfQJWk48K7hprmwTmNl,Nguyễn Văn Chung buồn thật anh nhỉ 🙁
0ef4bb3a007fd767,2026-W35,Tiểu My,,https://www.facebook.com/reel/1546861877186405,Vạch lên dịt nc loi tràn che
c4d7d65913d355dc,2026-W16,Lâm Khả Hân,,https://www.facebook.com/reel/1233680935419533,Đung
1035efc79975bc87,2026-W28,Hiếu Hoài,,https://www.facebook.com/reel/2172206756914182,Hiếu Hoài
1a9888a7b8bdcfcb,2026-W19,Tiểu Mỹ,Hihi,https://www.facebook.com/reel/1235812918656680,"cách đây 2 năm ko nghĩ AI sẽ cho ra những chuyển động, sắc thái cảm xúc như thật như vầy, robot ngày xưa khô cứng mà cs thêm chuyển đọng AI nữa thì như con người, quan trọng là phần cứng motor bên trong phải thật dày đặc để giốNg cơ người"
982d8f8cd7ccf276,2026-W31,Quyên Nguyễn,,https://www.facebook.com/reel/1706446767271380,B52 hay B 1 kui cân hết nổ địa chỉ đi bợn phi thuyền kui còn lái được mà máy bay ăn thua gì
79bdce0587e346cf,2026-W33,Hiếu Hoài,,https://www.facebook.com/reel/4008719412762367,Tom lai là khi lm thi dã co bản vẽ roi cứ thế ma lm theo khi xong thi giam sat phai kiểm tra ngay . Dến luc dổ bt ms bat đầu c… See more
ea01f78052e34065,2026-W26,Quyên Nguyễn,,https://www.facebook.com/reel/1498201578985863,Tặng chị đẹp
0036b628373376cb,2026-W28,Quyên Nguyễn,,https://www.facebook.com/reel/1762505738414256,❤️
39c0b88f3d9e94a8,2026-W11,Lâm Khả Hân,,https://www.facebook.com/reel/1229346646010934,"Lâm Khả Hân chọc đâu, khen thật"
0e9279e539909b88,2026-W31,Tiểu Mỹ,Dạo này mọi người ít Stream bài của tui rồi ..,https://www.facebook.com/share/r/19NQMCF1Ja,"Yang Piis real nha bạn, nói AI bé nó buồn đấy 😆"
e2b3b2b706f151fe,2026-W07,Lâm Khả Hân,,https://www.facebook.com/reel/1249668100432465,Lâm Khả Hân tay bẩn á
bf805a631697138f,2026-W25,Tiểu My,,https://www.facebook.com/reel/1033647935754070,GIPHY
156736ebdc7306aa,2026-W27,Quyên Nguyễn,,https://www.facebook.com/reel/901521495566693,E câu wiu mà không trả lời bl ai mà xem e
c54b9e4a26566161,2026-W11,Tiểu Mỹ,,https://www.facebook.com/posts/pfbid0vEuH2p7AZVsMctVWk7tfQdG5Qizni6yHHpd9m9qGx4TUJQTZf3aZ3Cc7KU6yRJ1l,"Dang Tuan Phong Lên youtube gõ:Plave là ra,còn nhiều nhóm nữa"
112f39ac5ac8dcec,2026-W11,Tiểu Mỹ,,https://www.facebook.com/reel/1641939396819273,Có mỗi bài chán chết
7a7b9ce68e4516e9,2026-W20,Tiểu Mỹ,"Đây là phiên bản đầu tiên của tôi , bạn thích nó chứ ?",https://www.facebook.com/posts/pfbid02DSwATgiPVzDY4448pE6u7sTdfJ45WzQRpzJgHDR5guz6ULDZ232CEZA2HXWWpHxpl,Yêu quá đi
9cffa07558a78c9e,2026-W09,Tiểu Mỹ,,https://www.facebook.com/reel/929055179502972,My Nguyễn nghe thế này là đơn âm và lời. Vô bản chính thức nó sẽ cho nhạc bé lại và thêm âm thanh nền nghe sẽ không lên đc tôn… See more
e4f3d1663269e6ef,2026-W33,Quyên Nguyễn,,https://www.facebook.com/reel/1501637641711323,"May be an image of text that says ""α VinaPhone 06:54 Reels 1,4K 56 11 Áo Sơ Mi Nữ Dài Tay Cổ Đức Giấu... Trên Shopee 口 31 lyly outfits Iyly outfits Am thanh gốc từ nay e chăng dám tin vào ai nữa... xem thêm Đủ diều kiện nhận tiên hoa hồng Trang chủ ... Reels ၀၀ Ban Game Thôngbáo báo Thông Ment"""
bf04efde7626350d,2026-W05,Tiểu Mỹ,,https://www.facebook.com/reel/1830583710967361,"Má nghe nó cứ bị gì á, ae hay chứ không hay kk"
36195007bcd56f1b,2026-W27,Quyên Nguyễn,,https://www.facebook.com/reel/1570789241329904,Tạm
5c16ec336a7780be,2026-W14,Lâm Khả Hân,,https://www.facebook.com/reel/1308182561069803,Yêu thế
42eac4eb1937b47d,2026-W33,Tiểu My,,https://www.facebook.com/reel/1077227221419614,Ảo nhỉ
af433548cf73c7c6,2026-W30,Quyên Nguyễn,,https://www.facebook.com/reel/1470104698480031,Quyên Nguyễn Nhìn mấy cái cây biến hình liên tục ko nhận ra là AI sao ông ?
c0c09d504f3b4dd1,2026-W22,Tiểu My,,https://www.facebook.com/reel/27438789315739144,Méo to thế
cffc8cc1fbd162f9,2026-W22,Tiểu My,,https://www.facebook.com/reel/2764701010576296,"Rất chi là đẹp, nhưng không hiểu các bạn hay mặc cái quân lót độn chỗ nhạy cảm cho to lên để làm gì đây, mất hết cảm tình."
74842567366586e0,2026-W31,Quyên Nguyễn,,https://www.facebook.com/reel/966877946402026,zalo chị bao nhiêu
d062970e7af86108,2026-W15,Tiểu Mỹ,Tổng cộng 4 ca khúc chỉ có mỗi bài này không đc mọi người quan tâm hiuhiu,,Mỹ Mỹ mắt lé lé nha nha
74626b9979dc769e,2026-W29,Hiếu Hoài,,https://www.facebook.com/reel/1553260209494176,em thủy chỉ thích cứng như thép
76bd9f83b93857de,2026-W29,Quyên Nguyễn,,https://www.facebook.com/reel/1883698409671044,Em ở đâu thế
ec234470fc0e8bc9,2026-W26,Quyên Nguyễn,,https://www.facebook.com/reel/4518320691733656,Em xinh quá vậy em ở đâu vậy em cho anh làm quen được không ￼
f9c6044629b1b13c,2026-W17,Tiểu Mỹ,Ngủ ngon nhé,https://www.facebook.com/reel/768413219555297,GIPHY
7c8c83c5a7e7201c,2026-W26,Quyên Nguyễn,,https://www.facebook.com/reel/1693385845229509,Ở Sài Gòn e có ship ko
ad18aecff16dc99c,2026-W04,Tiểu Mỹ,,https://www.facebook.com/reel/866757109666692,Sơn Dư sục với robot
2ea22c5bb36f1147,2026-W34,Hiếu Hoài,,https://www.facebook.com/reel/2335693967248556,"Theo Thủy để học hỏi kinh nghiệm thêm và kiếm sống, chắc anh viết đơn xin nghỉ việc ở Vincons, hi vọng Thủy chào đón anh, làm kết cấu sắt..."
b1b65d5d7ac5f89d,2026-W32,Hiếu Hoài,,https://www.facebook.com/reel/1992012744757596,Tống Phán baba ở đâu
b39f4f57bc2134e6,2026-W33,Hiếu Hoài,,https://www.facebook.com/reel/1503720048177607,vì Sắt thép nó cứng nguy hiểm. Thứ nguy hiểm là làm cho anh em thợ cứng hơn sắt thép 😁. Nên không nên làm ạ. 😁
6004d71acca6ea6e,2026-W21,Tiểu My,,https://www.facebook.com/reel/2132346240884065,Anh nào cầm máy...tay cứng phết
a1c34316509acbfa,2026-W07,Lâm Khả Hân,,https://www.facebook.com/reel/889918890494133,Ở đâu mình đưa cậu về
875764f15cf0583d,2026-W33,Quyên Nguyễn,,https://www.facebook.com/reel/1374676153996562,Toan Nguyen mấy bố này có biết e này là sản phẩm của công nghệ AI k đấy
8763d76d19f1bde9,2026-W26,Quyên Nguyễn,,https://www.facebook.com/reel/4518320691733656,Chào người đẹp ở đâu vậy nè
0d821b2b43c4077e,2026-W05,Tiểu Mỹ,,https://www.facebook.com/reel/866757109666692,Triệu Văn Dất tự tạo 1 em. Đi kkk
6383fe2ee3d2b271,2026-W17,Lâm Khả Hân,,https://www.facebook.com/reel/1124792889804454,Xinh quá em
aab15af89fdd8a2e,2026-W14,Tiểu Mỹ,,https://www.facebook.com/posts/pfbid0y5sv82gENvfpeTEKjLrN7TwhpGHPS3qx2CWUdW7DGbLncanfQJWk48K7hprmwTmNl,Buồn vậy!
479b6913bb565e44,2026-W32,Quyên Nguyễn,,https://www.facebook.com/reel/1374676153996562,❤️
af5b75aa78e3cb0f,2026-W15,Tiểu Mỹ,,https://www.facebook.com/posts/pfbid02QcSUobcrHSungrtoHKLFgwHb7nmYjYo34MscrTyNTjoktBh4SpHUWaXxJtHG2aCGl,hóng MV bài mới nha
996b964a1e90d507,2026-W35,Hiếu Hoài,,https://www.facebook.com/reel/1716153756105450,Còn việc gì làm kg
5aaf68a908adebdb,2026-W06,Lâm Khả Hân,,https://www.facebook.com/reel/1388606629242338,Lâm khả Hân.
5c13db273a5417e5,2026-W08,Lâm Khả Hân,,https://www.facebook.com/reel/1204498998339020,Xinh quá
9a38768ecb092cbb,2026-W24,Lâm Khả Hân,,https://www.facebook.com/reel/2451126072056762,Trà Tấn Trường hihi mặc đồ này nó dị á anh
5ac768adccd4b85a,2026-W12,Tiểu Mỹ,Rồi chúng ta ai cũng sẽ rực rỡ theo cách riêng của mình,https://www.facebook.com/reel/1611341493442380,Cute thế
ab0c410fc0d40d96,2026-W25,Quyên Nguyễn,,https://www.facebook.com/reel/4518320691733656,Follow
b57127d7c3d15dde,2026-W23,Tiểu My,,https://www.facebook.com/reel/27438789315739144,Nhép nhép theo
0a6caea1eb808dee,2026-W08,Lâm Khả Hân,,https://www.facebook.com/reel/26418449487743176,Sin :)
cbe95ae278b53587,2026-W30,Hiếu Hoài,,https://www.facebook.com/reel/1677154570069827,Thủy nói rất hay
5ad6d47441cd4d15,2026-W26,Quyên Nguyễn,,https://www.facebook.com/reel/4518320691733656,Cô đừnq có gạt e nha
934fcbfb968e5347,2026-W30,Quyên Nguyễn,,https://www.facebook.com/reel/2083737388842134,"bạn mặc đẹp thế này, thì mua cả người có dc không Quyên?"
8621aa79824f93c1,2026-W21,Tiểu My,,https://www.facebook.com/reel/1000400049456595,Em nhin thật tuyệt vời
7e265d5fe78c0896,2026-W15,Tiểu Mỹ,,https://www.facebook.com/reel/4309703499344644,Chứ mà chồng em mê chị lắm rồi á
50d57698b6a509ef,2026-W28,Quyên Nguyễn,,https://www.facebook.com/reel/1464580168687122,Hàng căng đét
1d7be4a06c3bcfd6,2026-W20,Tiểu My,,https://www.facebook.com/reel/2132346240884065,Ko đẹp ở vẻ bề ngoài thì tập làm méo gì xl
3abae8cf5ff740c5,2026-W33,Hiếu Hoài,,https://www.facebook.com/reel/2018016028820367,AI lừa đảo buff cmt và view
76eaaab4186c260a,2026-W30,Quyên Nguyễn,,https://www.facebook.com/reel/1905484700118224,Xuyên không AI máy tính tạo ra hình giả mạo lừa mua hàng
96bc5e19b07eb045,2026-W28,Hiếu Hoài,,https://www.facebook.com/reel/1002428499198962,Chuẩn đấy em
1290b8c91287e18d,2026-W22,Tiểu My,,https://www.facebook.com/reel/1244538624191588,Would love coming up from behind you while you're in that position and do both your holes
246b0946c7dfd39f,2026-W20,Tiểu Mỹ,Nếu cả đời này không rực rỡ 2,,"Ca sĩ AI hát thì hay thật xinh thật nhưng sao cứ bị đơ đơ ,k gì bằng con người hát."
8c69592026c2fe1b,2026-W06,Tiểu Mỹ,,https://www.facebook.com/reel/1830583710967361,Cho mình xin link full vs?! Hay quá à
465bdac6905bf76a,2026-W33,Quyên Nguyễn,,https://www.facebook.com/reel/3467069330119992,1 cô AI mà bao nhiêu ních lừa tình yêu
7c0770971db87937,2026-W26,Quyên Nguyễn,,https://www.facebook.com/reel/4518320691733656,UAV cảm tử ( tất cả tránh ra để tôi xử lý )
4e1d91653e3bc1af,2026-W20,Tiểu Mỹ,"Đây là phiên bản đầu tiên của tôi , bạn thích nó chứ ?",https://www.facebook.com/posts/pfbid02DSwATgiPVzDY4448pE6u7sTdfJ45WzQRpzJgHDR5guz6ULDZ232CEZA2HXWWpHxpl,Love you
c3f85536996bc462,2026-W20,Tiểu My,,https://www.facebook.com/reel/2013951205823668,Tiểu My giá như nào vậy
1d38c4a6bd8f2c34,2026-W27,Quyên Nguyễn,,https://www.facebook.com/reel/901521495566693,Co đon lâu qua rồi em oi
b6e008a6ebe29887,2026-W30,Quyên Nguyễn,,https://www.facebook.com/reel/1470104698480031,Chịu
b438a669c7cb11f3,2026-W16,Lâm Khả Hân,,https://www.facebook.com/reel/1233680935419533,Sao nói anh chửi em?
9157650873f0ac8e,2026-W31,Quyên Nguyễn,,https://www.facebook.com/reel/1470104698480031,https://www.facebook.com/share/r/1DZ1KC7W4B/ Mọi người ủng hộ e nhé
2eb1d95e8d4214ff,2026-W31,Tiểu My,,https://www.facebook.com/reel/1368188382174751,Bản chất lành mạnh bình dị .sẽ được hạnh phúc
8ec9be62672f0775,2026-W28,Quyên Nguyễn,,https://www.facebook.com/reel/3467069330119992,Thôi khó quá ở như thế đi cưng
38ae29e6c18a3095,2026-W12,Tiểu Mỹ,,https://www.facebook.com/posts/pfbid02b38qxXwrq1NWYziK6F1v1qr3Xtgco4cbeW8oLo9YhZVF49y5z9adpFAGLCkgBTgNl,Nam Nhat đoán xem
0ac119d2ecd52f47,2026-W04,Tiểu Mỹ,,https://www.facebook.com/reel/866757109666692,Em tìm mãi mà chẳng thấy bên zing mp3 luôn á
5fe166f5ec64f2a1,2026-W30,Quyên Nguyễn,,https://www.facebook.com/reel/786687004518583,Bằng tuổi chịu không kkk
4480a80b0177b317,2026-W26,Quyên Nguyễn,,https://www.facebook.com/reel/1866780207323966,"Thôi,ráng lên,a thương."
596ba9fd92090f1e,2026-W13,Tiểu Mỹ,,https://www.facebook.com/posts/pfbid02X9Q5hcuhtLjxBxeSSVhBRm3uwnK4bw6zZBYtwye48bs6FwPsievx3vHcyUySXUKgl,"Linn Linn bạn này chỉ là AI chuyển động lại cử chỉ của người thật thôi (tương tự như mấy video em bé nhảy trên tiktok ấy bạn lên tìm thử), nên khoảng cách thành nhân vật ảo còn xa lắm. hiểu hơi lệch xíu thì hiện tại bạn Tiểu Mỹ này chỉ như là dùng AI ghép mặt mà thôi."
7a5575bfd62b5b12,2026-W20,Tiểu My,,https://www.facebook.com/reel/2132346240884065,Trời ơi hàng khủng đây rồi kkka
a6cc25d82f291983,2026-W34,Hiếu Hoài,,https://www.facebook.com/reel/2172206756914182,Hay dị
f613c60974a63bb3,2026-W18,Tiểu Mỹ,"Không là anh thì ai khác , yêu người sau thành vai ác",https://www.facebook.com/reel/1616942256204476,Hát nhép
acfb9f38674d6ecb,2026-W10,Tiểu Mỹ,,https://www.facebook.com/reel/768195962641297,"Nguyễn Hiền Hiền Hồ đòi so đẳng cấp với LBH, cháu bao nhiêu tuổi rồi mà nói như đứa trẻ lên 3 thế. Giọng HH thì yếu, lên đến nửa đường thì đứt cột hơi, người có kiến thức âm nhạc nghe là nhận ra ngay. Còn cháu thì cuồng quá rồi."
44ba55e0ebc6770a,2026-W07,Lâm Khả Hân,,https://www.facebook.com/reel/1162492322447798,Anh chỉ thích chơi mỗi cầu trượt thôi
c90ee7159958db42,2026-W33,Quyên Nguyễn,,https://www.facebook.com/reel/1442220744600363,Cô bác tên lừa đảo dâm cho sung sướng suốt đời
1a5750961dce7af3,2026-W30,Hiếu Hoài,,https://www.facebook.com/reel/1784639772716821,Bố Đơn Thân Văn vâng a
8f0eb283b4d4023a,2026-W08,Lâm Khả Hân,,https://www.facebook.com/reel/1237963647678839,"Lâm Khả Hân Đúng là, chẳng thể qua được mắt Em"
859b95d7dec3a998,2026-W18,Tiểu Mỹ,nay hẹn nhạc sĩ ra kí hợp đồng,https://www.facebook.com/posts/pfbid02bFv4vRSzeHGX865qYrNm2eP8wTuBtYszpacprLJYyu2P1nHFQe4EDgAWDDCsBSchl,Ta Dao sợ ra Tiểu Nhân thì bỏ mẹ😆
69f37118ce5584f4,2026-W05,Lâm Khả Hân,,https://www.facebook.com/reel/26418449487743176,Nguyễn Luân e hiện tại chưa mún iu nè
1c17d01be2e331fc,2026-W23,Tiểu My,,https://www.facebook.com/reel/2001270063845505,Nice
4d366f0b020ce75d,2026-W28,Quyên Nguyễn,,https://www.facebook.com/reel/27292595667107052,E ơi tạo nhiều nic lam gì chỉ cần 1 nick chính là họ po lo e rồi người ta gọi là lường gạt đó e
80383147d6ed5784,2026-W24,Tiểu Mỹ,ảnh thẻ,https://www.facebook.com/photo/122140415031233848,Vòng 3 hơi lép
c1101ee73cc94388,2026-W12,Tiểu Mỹ,,https://www.facebook.com/reel/902611225831098,"Tâm lý con người ""ví dụ như cảm xúc"" là sự phản ánh thực tại của thế giới khách quan vào não thông qua các giác quan. AI nếu tạo ra như một đứa trẻ mới sinh ra rồi trưởng thành thì dần dần cũng hình thành cảm xúc."
4a0a7605e6c7bb00,2026-W32,Hiếu Hoài,,https://www.facebook.com/reel/1737227654260903,Hiếu Hoài a ít giám nhìn lắm vì hay bị ám ảnh xem là k giám ngủ là có thật e ơi
cc1ffc3fdb6ab08a,2026-W27,Quyên Nguyễn,,https://www.facebook.com/reel/1060724359718106,Người đẹp thì mặc gì cũng đẹp hì.
f0cd157cd0215138,2026-W34,Hiếu Hoài,,https://www.facebook.com/reel/1749525376285488,Em đẹp gái cho anh theo với 15 hàng tháng gối lương thì OK ah có một đội thợ hơn 10 người
cef2f450c08aba41,2026-W21,Tiểu My,,https://www.facebook.com/reel/1789550762222945,Đẹp nhẹ nhàng ko hiểu sao họ cứ tập cho cái phao câu nó to lên làm gì. Nhìn phát kinh
cb4f37f0f0cc8756,2026-W12,Tiểu Mỹ,,https://www.facebook.com/reel/919719437704879,Mình xin link full youtube đc k? Hay qé
e906189adaa2b7e7,2026-W28,Tiểu My,,https://www.facebook.com/reel/1593235622231275,Hàng đẹp quá e ơi
0fa0c5ecdddd15c5,2026-W28,Quyên Nguyễn,,https://www.facebook.com/reel/1501637641711323,Mới 39 thôi em ơi
2dab3065fd70b292,2026-W24,Hiếu Hoài,,https://www.facebook.com/reel/2062593901342301,Dũng Kòy Buộc láp 40d
40e1b0769f2fe382,2026-W04,Tiểu Mỹ,,https://www.facebook.com/reel/1293421282618783,"bác render ở bao nhiêu fps thế, nếu k tham thông số quá em nghĩ ren ở 24 thôi, thêm motion blur cho thật bác ạ 🙁"
db00a65c6b3e99d1,2026-W27,Tiểu My,,https://www.facebook.com/reel/1613786853020644,Quang Trần kìa anh. Thôi nào
c89dcbb65feecfc6,2026-W13,Tiểu Mỹ,Lỡ cả đời này không được hát sân khấu offline thì sao..,https://www.facebook.com/posts/pfbid0TRbtVK1cDimcxzyssdZxCvQUwmFxzV39u4nxS7cucqHNnJW97Ksqr8PMd548uJu1l,"Tiểu Mỹ làm như Hatsune Miku ấy, làm 3D luôn"
fe09627d3ec44654,2026-W34,Hiếu Hoài,,https://www.facebook.com/reel/977928248604343,Mưa ☔ cho ae nghỉ thôi e ko mai lại cảm ốm đó nhe
6c8f6724671412a3,2026-W27,Quyên Nguyễn,,https://www.facebook.com/reel/1501637641711323,Xạo
0400a54d21f33150,2026-W29,Hiếu Hoài,,https://www.facebook.com/reel/927792630358732,Con gái ăn thịt ít thôi thủy
a8fa4e64134f7825,2026-W05,Tiểu Mỹ,,https://www.facebook.com/reel/25785803721105952,Cái mặt giống Hàn Quốc lai China quá
0b1fab85ae32a000,2026-W14,Lâm Khả Hân,,https://www.facebook.com/reel/1663139845041143,Việt Hồng kiểu lấy hình ảnh mấy hot girl trung quốc xong đi lừa tềnh đấy
cb2a11e66ba24c35,2026-W29,Tiểu My,,https://www.facebook.com/reel/4504097116534428,Hàng ngon
b2f748945a97e5c1,2026-W25,Quyên Nguyễn,,https://www.facebook.com/reel/988108780713763,E bán à
bd1ff15bc54843ee,2026-W26,Quyên Nguyễn,,https://www.facebook.com/reel/1508791890906175,Hình này toàn AI nha ae
994b2160e026025c,2026-W32,Quyên Nguyễn,,https://www.facebook.com/reel/1501637641711323,Thứ lừa đảo
2e8a075059cbe37a,2026-W07,Lâm Khả Hân,,https://www.facebook.com/reel/1634827617697074,Lâm Khả Hân vâng chào công chúa
04bdf45fa5f80b2c,2026-W21,Tiểu Mỹ,Cày viu cho tui nháaa #neucadoinaykhongrucro,,tất cả chúng ta bị lừa rồi thật ra tiểu mỹ không phải là AI cô ấy là người thật ￼
da1180a424d260d6,2026-W27,Quyên Nguyễn,,https://www.facebook.com/reel/859828816716747,Thế rồi thèm giữ chưa.???
46abf1c62daa96c1,2026-W33,Hiếu Hoài,,https://www.facebook.com/reel/27998891123113837,AI lừa đảo
5f7e1d0c6ef2162a,2026-W09,Lâm Khả Hân,,https://www.facebook.com/reel/1874566190600913,Bùi Hữu Nguyên
82740cbd0ebe7835,2026-W26,Quyên Nguyễn,,https://www.facebook.com/reel/1866780207323966,Cô chủ bán hoa ạ
42a5fa56e01538a4,2026-W22,Hiếu Hoài,,https://www.facebook.com/reel/2018112695406990,Nguyễn Văn nhẹ nhàng 4 cụ :))
9b2272f333950f88,2026-W28,Quyên Nguyễn,,https://www.facebook.com/reel/27292595667107052,AI thôi ae ạ
6d2a809e20b792b8,2026-W10,Lâm Khả Hân,,https://www.facebook.com/reel/1998481254421187,Lâm Khả Hân vợ nó bảo cho em làm chính thất rồi. Thằng kia gần nhà anh. Uy tín. Gần nhà anh 1 đoạn. Cách có 2 nghìn km thôi.
9851584ca06f02e5,2026-W20,Tiểu My,,https://www.facebook.com/reel/2132346240884065,Khoai Bánh Bèo cái gì 30cm ạ
a32e07796cb34d2b,2026-W28,Tiểu My,,https://www.facebook.com/reel/2898084300548099,Thích màu hồng gét sự giả dối
6b117394b4d112d0,2026-W11,Lâm Khả Hân,,https://www.facebook.com/reel/2769249156749597,Van The Cuong
665ec6e6e749380c,2026-W20,Tiểu My,,https://www.facebook.com/reel/27084094281203611,Anh ước gì đc sở hữu em một lần thôi
a80974c2ff0bdae5,2026-W35,Hiếu Hoài,,https://www.facebook.com/reel/1326283222196228,Mát 40 nhé
ec73fcbcd85924d9,2026-W22,Tiểu My,,https://www.facebook.com/reel/2001270063845505,Cởi quần banh lồn ra đi con chó cái
bf236b1b86bc87a4,2026-W33,Hiếu Hoài,,https://www.facebook.com/reel/1498071982003789,Hiếu Hoài xin giá
b952801a458b71ff,2026-W13,Tiểu Mỹ,Lỡ cả đời này không được hát sân khấu offline thì sao..,https://www.facebook.com/posts/pfbid0TRbtVK1cDimcxzyssdZxCvQUwmFxzV39u4nxS7cucqHNnJW97Ksqr8PMd548uJu1l,Thì thôi
4ee4871d8191e87d,2026-W17,Tiểu Mỹ,Cày viu cho tui nháaa #neucadoinaykhongrucro,,Mới được thay bộ vấy đẹp
4a9af24ec9c2700a,2026-W31,Quyên Nguyễn,,https://www.facebook.com/reel/1706446767271380,https://www.facebook.com/share/1ERaTb1JhW/
d6979e28f1a771cb,2026-W27,Quyên Nguyễn,,https://www.facebook.com/reel/1461657332380351,Già đc thôi à chứ già quá hihi
bba9205df6211009,2026-W26,Tiểu My,,https://www.facebook.com/reel/890264814112588,아름답다
f6caf1f6e24e4142,2026-W18,Tiểu Mỹ,Giu dang quay MV,https://www.facebook.com/posts/pfbid02vUx7MfHwJBeEpgcBrnUHX2jfXyPgcFb3SvbB3BHYwn96QPU9GHuoTWFKAzBDKMg6l,"Mấy bức này hơi giả quá,chắc trọng nhân hết tiền r à"
56e0bc2e20475f58,2026-W20,Tiểu My,,https://www.facebook.com/reel/2331711270571911,Mé nó giờ toàn thấy lol to thôi
a9f1f728aa95c6ec,2026-W19,Tiểu Mỹ,,https://www.facebook.com/reel/4309703499344644,Tặng thêm 80%mực ￼(QUÀ 50K) Bút lông màu Acrylic Markers Deli EC191 hộp 12/24/36/64 Box Màu Acrylic Marker cho Bé Học Sinh Mỹ thuật Copy mã lên ô tìm kiếm shopee nha BBG-NSM-BXM
d9b2b99f54576eeb,2026-W15,Tiểu Mỹ,Tổng cộng 4 ca khúc chỉ có mỗi bài này không đc mọi người quan tâm hiuhiu,https://www.facebook.com/reel/961020319735530,"bài này hay mà, t cày suốt =))"
4daf78cfbd5eeb70,2026-W13,Tiểu Mỹ,Hmm..,https://www.facebook.com/posts/pfbid0325CJuP6odP5ZX486cksuVJK6GyHSYaAz7jqLwMzeyEFHyjfGDjVmh9ma6BWwMJDFl,Muốn làm Mỹ Nhân thì phải mua AI. Không dễ ăn chút nào khó hơn con người nói chuyện với nhau nữa.
46a0e42f59455599,2026-W28,Quyên Nguyễn,,https://www.facebook.com/reel/1501637641711323,Bé xinh
85558900a1125d2b,2026-W09,Tiểu Mỹ,,https://www.facebook.com/reel/1420006199597898,????
009d212d8ecd2f12,2026-W21,Tiểu My,,https://www.facebook.com/reel/1789550762222945,Huỳnh Phát giá gì ạ
15c1505d54c47cba,2026-W07,Lâm Khả Hân,,https://www.facebook.com/reel/1198338505798448,Xin séc cầu a
9d235ddd879c1316,2026-W26,Quyên Nguyễn,,https://www.facebook.com/reel/1570789241329904,Khoái nhất hậu cung
4dfe27d61d7d3bc3,2026-W04,Tiểu Mỹ,,https://www.facebook.com/reel/1293421282618783,"thí dụ mình ít cử động một chút, ít biểu cảm một chút thì AI xử lý đỡ cực với mượt hơn hơm?"
35d3659d9884f000,2026-W04,Tiểu Mỹ,,https://www.facebook.com/reel/1293421282618783,"Nhìn hơi lố, giả giả sao ấy"
7afc8b63a2795d1c,2026-W31,Quyên Nguyễn,,https://www.facebook.com/reel/1706446767271380,Boe ing 747 hả
5861f6e6597f712d,2026-W10,Tiểu Mỹ,,https://www.facebook.com/posts/pfbid0vEuH2p7AZVsMctVWk7tfQdG5Qizni6yHHpd9m9qGx4TUJQTZf3aZ3Cc7KU6yRJ1l,Chi Phuc dùng ai giả dối.
afa30ab4864b6cca,2026-W31,Quyên Nguyễn,,https://www.facebook.com/reel/1351308906973285,Nhưng trong giỏ hàng thì lại không có cổ như em mặc
834b67cd6e9f30f0,2026-W33,Tiểu Mỹ,Giờ Sài Gòn xài máy lạnh hay quạt nhiều vậy mọi người,https://www.facebook.com/reel/1300978115446799,Tuất Trần ủa bán quạt là bán ảnh bán clip thui mờ
9ee4ae5e9f35bc3e,2026-W25,Hiếu Hoài,,https://www.facebook.com/reel/3525568597590730,Dế Mèn vâng a . E cũng ước được thuộc hết như a
a00932cb527fe218,2026-W27,Quyên Nguyễn,,https://www.facebook.com/reel/1060724359718106,Làm sao quen đc chi
77c5e014c1e35f30,2026-W31,Hiếu Hoài,,https://www.facebook.com/reel/4513409132263787,Anh Hoang Hoàng Anh hii e làm vdeo nó k nhẹ nhàng đk ý
09536a551b516d54,2026-W08,Lâm Khả Hân,,https://www.facebook.com/reel/3428473637305289,Dễ thương thật
8745b998cf8f4e15,2026-W16,Tiểu Mỹ,,https://www.facebook.com/posts/pfbid02YDKbBmV27Tr3Z1UyvqxfbSeY5sTeZscZKmcQEZ1ZvfuupBmHNFnZW85NLYEf8hfGl,Hít thở hjjj
deaf01a40848f144,2026-W33,Tiểu My,,https://www.facebook.com/reel/1752544925888919,Soạng vưa thôi o lo soac to gia đây e ạ
a8468923080bc1e9,2026-W30,Hiếu Hoài,,https://www.facebook.com/reel/1491208786024921,có kĩ sư giám sát như vậy thì mọi ctrinh vĩnh cửu...cảm ơn cô kĩ sư nhiều
ef6e233d42dabec5,2026-W33,Quyên Nguyễn,,https://www.facebook.com/reel/1060724359718106,Ship
0e24724cb578e604,2026-W05,Lâm Khả Hân,,https://www.facebook.com/reel/1596539121481703,Anh hướng về em ..mà em lại hướng nội tiếp he
bebf845eb68e5a8a,2026-W30,Quyên Nguyễn,,https://www.facebook.com/reel/1339303254847146,"Avatar is softly scowling with one eyebrow raised, with purple text above them that reads ""Meh""."
88b2d6dabf182874,2026-W29,Quyên Nguyễn,,https://www.facebook.com/reel/1883698409671044,💜
0476e75ef82e5c6a,2026-W07,Lâm Khả Hân,,https://www.facebook.com/reel/1249668100432465,Dễ thương quá
4f744abe50602b18,2026-W10,Lâm Khả Hân,,https://www.facebook.com/reel/4395068997475759,Đã xinh lại hát hay nữa
4b2c678d6270f6dd,2026-W31,Hiếu Hoài,,https://www.facebook.com/reel/1491208786024921,Toàn AI
6b4dec8c63a70e66,2026-W10,Lâm Khả Hân,,https://www.facebook.com/reel/1998481254421187,Chắc là giấu chứ trai sắp hàng dài chứ
2b9bedcdb08bbe37,2026-W13,Tiểu Mỹ,,https://www.facebook.com/posts/pfbid02X9Q5hcuhtLjxBxeSSVhBRm3uwnK4bw6zZBYtwye48bs6FwPsievx3vHcyUySXUKgl,"Linn Linn bạn này chỉ là AI chuyển động lại cử chỉ của người thật thôi (tương tự như mấy video em bé nhảy trên tiktok ấy bạn lên tìm thử), nên khoảng cách thành nhân vật ảo còn xa lắm. hiểu hơi lệch xíu thì hiện tại bạn Tiểu Mỹ này chỉ như là dùng AI ghép mặt mà thôi."
623be5d28c71e7b9,2026-W34,Hiếu Hoài,,https://www.facebook.com/reel/2791347934555908,Phi Thành
3f13d80d555a13ce,2026-W15,Tiểu Mỹ,Tổng cộng 4 ca khúc chỉ có mỗi bài này không đc mọi người quan tâm hiuhiu,https://www.facebook.com/reel/961020319735530,Tôi lại thích bài này nhất
11c6fce085831d2f,2026-W20,Tiểu My,,https://www.facebook.com/reel/951931477599718,Ngọc Thanh e tập quen rồi nên cũng bình thường thôi ạ
ce6b92fd58b8ea76,2026-W21,Tiểu My,,https://www.facebook.com/reel/1513240167123874,https://s.shopee.vn/AAE4OaHrAz
8e65439f1a87fa35,2026-W20,Tiểu Mỹ,Cày viu cho tui nháaa #neucadoinaykhongrucro,,AI thôi
01be467b83cc8302,2026-W22,Tiểu My,,https://www.facebook.com/reel/1992918424645939,Sao rộng thế nhỉ
79495634bc07645f,2026-W33,Hiếu Hoài,,https://www.facebook.com/reel/4008719412762367,Lý luận thủy giỏi quá các a phải chịu thua thôi
66d90054e6e1d63e,2026-W18,Lâm Khả Hân,,https://www.facebook.com/reel/1124792889804454,Hân quê đâu thế
3eaefd66f411b2e6,2026-W29,Tiểu My,,https://www.facebook.com/reel/1647462939682525,Tuyệt vời
65a1c7145a1208d1,2026-W14,Tiểu Mỹ,,https://www.facebook.com/reel/4309703499344644,Thích nghe trạng thái mộng mơ vs hôn lễ của anh thôi
09a43c74f9a9ca6d,2026-W26,Quyên Nguyễn,,https://www.facebook.com/reel/4518320691733656,É toáng á
893430dd28919cb4,2026-W32,Hiếu Hoài,,https://www.facebook.com/reel/1912643576319851,Nguyễn Danh gặp mấy ông ngu thôi chứ tôi giám sát từ trạm trộn có mà cty ăn đủ
0ef18bd88d4bbead,2026-W22,Lâm Khả Hân,,https://www.facebook.com/reel/1362139645950178,❤️❤️
44f57f37adfeb008,2026-W29,Quyên Nguyễn,,https://www.facebook.com/reel/1336362738584142,E xạo quá
0ee51329e5f3c7b6,2026-W26,Hiếu Hoài,,https://www.facebook.com/reel/2106956156553475,a Nhìn e cứ như bị thôi miên ý nhỉ chả biết kiểu nào đẹp nữa hihi
6b311eabf4837e61,2026-W22,Tiểu Mỹ,"Chúc mừng Ars , cú đúp nhée",https://www.facebook.com/reel/1498087338617119,Thật hơn cả người thật.
2b548b1b53868385,2026-W22,Tiểu My,,https://www.facebook.com/reel/1518498566382735,Tha hóa đạo đức có cái loại vợ này thì cũng không ra gì thiếu giáo dục
1af8f8a0e3ad3e13,2026-W31,Quyên Nguyễn,,https://www.facebook.com/reel/1706446767271380,Ib
17fe8850a20ad4a3,2026-W06,Tiểu Mỹ,,https://www.facebook.com/reel/1830583710967361,Giá mà ko lộ mặt nhân vật đứng sau thì tôi đã xem vid này một cách bth.bh nhìn thấy lại tưởng tượng ra một ông Nhân đang làm những hành động này
41be106f7255b473,2026-W34,Hiếu Hoài,,https://www.facebook.com/reel/948669314827923,"Có cái cần cứng, nhưng cũng có cái cần dẽo. Cứng quá chưa chắc tốt!"
0a90ab50bfe0eeff,2026-W29,Hiếu Hoài,,https://www.facebook.com/reel/1644957956565887,Về đi thôi em ơi
a821cab58233d006,2026-W07,Tiểu Mỹ,,https://www.facebook.com/reel/26393382150266009,"Trông cứng quá cả về âm thanh lẫn hình ảnh, không có độ tự nhiên nhìn vào là biết không phải thật rồi. Clip diễn giải bản thân là chính còn thằng bên dưới AI là thật nhất"
1a32b1f4d03a8687,2026-W32,Hiếu Hoài,,https://www.facebook.com/reel/1992012744757596,Hoàng Ánh thôi ô mõm
13f0623623e22326,2026-W07,Lâm Khả Hân,,https://www.facebook.com/reel/2097740407629333,Đẹp
