comment_id,week,account,text,xong,R_uncanny,R_ai_skepticism,S_parasocial,C_commercial,asp_appearance,asp_voice_motion,asp_ai_nature,asp_persona,asp_product_brand
5b0b05c29efdb395,2026-W08,Lâm Khả Hân,Em này quyến rũ ghê,1,0,0,1,0,+1,NA,NA,NA,NA
25b148c5851ee9c9,2026-W13,Lâm Khả Hân,Mugsy Cartoon of Mugsy - a French bull dog - smiling and hugging a giant heart. Small hearts blink above his head. sticker,1,0,0,1,0,NA,NA,NA,NA,NA
aa71578680331800,2026-W24,Tiểu My,E dk đấy chuẩn,1,0,0,1,0,NA,NA,NA,NA,NA
3a4c27867bd232e3,2026-W23,Hiếu Hoài,Mạnh Đông thanks a,1,0,0,1,0,NA,NA,NA,NA,NA
7c084550cde9e19e,2026-W13,Tiểu Mỹ,Da hơi xấu nha ^^,1,0,0,1,0,-1,NA,NA,NA,NA
71d22f16638af1c9,2026-W10,Lâm Khả Hân,"love Em yêu anh, từ Thái Lan.",1,0,0,1,0,NA,NA,NA,NA,NA
82d4f2417dd8325d,2026-W27,Quyên Nguyễn,Công nhận công nghệ AI nó làm con người chúng ta kg biết đâu là thật đâu là giả,1,1,0,0,0,NA,NA,-1,NA,NA
46cfba1854b2597c,2026-W14,Tiểu Mỹ,Nguyễn Văn Chung buồn thật anh nhỉ 🙁,1,0,0,1,0,NA,NA,NA,NA,NA
0ef4bb3a007fd767,2026-W35,Tiểu My,Vạch lên dịt nc loi tràn che,1,0,0,0,0,NA,NA,NA,NA,NA
c4d7d65913d355dc,2026-W16,Lâm Khả Hân,Đung,1,0,0,1,0,NA,NA,NA,NA,NA
1035efc79975bc87,2026-W28,Hiếu Hoài,Hiếu Hoài,1,0,0,0,0,NA,NA,NA,NA,NA
1a9888a7b8bdcfcb,2026-W19,Tiểu Mỹ,"cách đây 2 năm ko nghĩ AI sẽ cho ra những chuyển động, sắc thái cảm xúc như thật như vầy, robot ngày xưa khô cứng mà cs thêm chuyển đọng AI nữa thì như con người, quan trọng là phần cứng motor bên trong phải thật dày đặc để giốNg cơ người",1,0,0,1,0,+1,NA,NA,NA,NA
982d8f8cd7ccf276,2026-W31,Quyên Nguyễn,B52 hay B 1 kui cân hết nổ địa chỉ đi bợn phi thuyền kui còn lái được mà máy bay ăn thua gì,1,0,0,1,0,NA,NA,NA,NA,NA
79bdce0587e346cf,2026-W33,Hiếu Hoài,Tom lai là khi lm thi dã co bản vẽ roi cứ thế ma lm theo khi xong thi giam sat phai kiểm tra ngay . Dến luc dổ bt ms bat đầu c… See more,1,0,0,1,0,NA,NA,NA,NA,NA
ea01f78052e34065,2026-W26,Quyên Nguyễn,Tặng chị đẹp,1,0,0,1,0,+1,NA,NA,NA,NA
0036b628373376cb,2026-W28,Quyên Nguyễn,❤️,1,0,0,1,0,NA,NA,NA,NA,NA
39c0b88f3d9e94a8,2026-W11,Lâm Khả Hân,"Lâm Khả Hân chọc đâu, khen thật",1,0,0,1,0,NA,NA,NA,+1,NA
0e9279e539909b88,2026-W31,Tiểu Mỹ,"Yang Piis real nha bạn, nói AI bé nó buồn đấy 😆",1,0,0,1,0,+1,NA,NA,NA,NA
e2b3b2b706f151fe,2026-W07,Lâm Khả Hân,Lâm Khả Hân tay bẩn á,1,0,0,1,0,NA,NA,NA,NA,NA
bf805a631697138f,2026-W25,Tiểu My,GIPHY,1,0,0,1,0,NA,NA,NA,NA,NA
156736ebdc7306aa,2026-W27,Quyên Nguyễn,E câu wiu mà không trả lời bl ai mà xem e,1,0,0,1,0,NA,NA,NA,NA,NA
c54b9e4a26566161,2026-W11,Tiểu Mỹ,"Dang Tuan Phong Lên youtube gõ:Plave là ra,còn nhiều nhóm nữa",1,0,0,0,0,NA,NA,NA,NA,NA
112f39ac5ac8dcec,2026-W11,Tiểu Mỹ,Có mỗi bài chán chết,1,0,0,1,0,NA,NA,NA,NA,NA
7a7b9ce68e4516e9,2026-W20,Tiểu Mỹ,Yêu quá đi,1,0,0,1,0,NA,NA,NA,NA,NA
9cffa07558a78c9e,2026-W09,Tiểu Mỹ,My Nguyễn nghe thế này là đơn âm và lời. Vô bản chính thức nó sẽ cho nhạc bé lại và thêm âm thanh nền nghe sẽ không lên đc tôn… See more,1,0,0,0,0,NA,NA,NA,NA,NA
e4f3d1663269e6ef,2026-W33,Quyên Nguyễn,"May be an image of text that says ""α VinaPhone 06:54 Reels 1,4K 56 11 Áo Sơ Mi Nữ Dài Tay Cổ Đức Giấu... Trên Shopee 口 31 lyly outfits Iyly outfits Am thanh gốc từ nay e chăng dám tin vào ai nữa... xem thêm Đủ diều kiện nhận tiên hoa hồng Trang chủ ... Reels ၀၀ Ban Game Thôngbáo báo Thông Ment""",1,0,0,0,0,NA,NA,NA,NA,NA
bf04efde7626350d,2026-W05,Tiểu Mỹ,"Má nghe nó cứ bị gì á, ae hay chứ không hay kk",1,1,0,0,0,NA,-1,NA,NA,NA
36195007bcd56f1b,2026-W27,Quyên Nguyễn,Tạm,1,0,0,1,0,NA,NA,NA,NA,NA
5c16ec336a7780be,2026-W14,Lâm Khả Hân,Yêu thế,1,0,0,1,0,NA,NA,NA,NA,NA
42eac4eb1937b47d,2026-W33,Tiểu My,Ảo nhỉ,1,0,1,1,0,NA,NA,NA,NA,NA
af433548cf73c7c6,2026-W30,Quyên Nguyễn,Quyên Nguyễn Nhìn mấy cái cây biến hình liên tục ko nhận ra là AI sao ông ?,1,1,0,0,0,NA,NA,NA,NA,NA
c0c09d504f3b4dd1,2026-W22,Tiểu My,Méo to thế,1,0,0,1,0,NA,NA,NA,NA,NA
cffc8cc1fbd162f9,2026-W22,Tiểu My,"Rất chi là đẹp, nhưng không hiểu các bạn hay mặc cái quân lót độn chỗ nhạy cảm cho to lên để làm gì đây, mất hết cảm tình.",1,0,0,1,0,NA,NA,NA,NA,NA
74842567366586e0,2026-W31,Quyên Nguyễn,zalo chị bao nhiêu,1,0,0,1,0,NA,NA,NA,NA,NA
d062970e7af86108,2026-W15,Tiểu Mỹ,Mỹ Mỹ mắt lé lé nha nha,1,0,0,0,0,NA,NA,NA,NA,NA
74626b9979dc769e,2026-W29,Hiếu Hoài,em thủy chỉ thích cứng như thép,1,0,0,1,0,NA,NA,NA,NA,NA
76bd9f83b93857de,2026-W29,Quyên Nguyễn,Em ở đâu thế,1,0,0,1,0,NA,NA,NA,NA,NA
ec234470fc0e8bc9,2026-W26,Quyên Nguyễn,Em xinh quá vậy em ở đâu vậy em cho anh làm quen được không ￼,1,0,0,1,0,+1,NA,NA,NA,NA
f9c6044629b1b13c,2026-W17,Tiểu Mỹ,GIPHY,1,0,0,1,0,NA,NA,NA,NA,NA
7c8c83c5a7e7201c,2026-W26,Quyên Nguyễn,Ở Sài Gòn e có ship ko,1,0,0,1,1,0,NA,NA,NA,NA
ad18aecff16dc99c,2026-W04,Tiểu Mỹ,Sơn Dư sục với robot,1,0,0,0,0,NA,NA,NA,NA,NA
2ea22c5bb36f1147,2026-W34,Hiếu Hoài,"Theo Thủy để học hỏi kinh nghiệm thêm và kiếm sống, chắc anh viết đơn xin nghỉ việc ở Vincons, hi vọng Thủy chào đón anh, làm kết cấu sắt...",1,0,0,1,0,NA,NA,NA,NA,NA
b1b65d5d7ac5f89d,2026-W32,Hiếu Hoài,Tống Phán baba ở đâu,1,0,0,0,0,NA,NA,NA,NA,NA
b39f4f57bc2134e6,2026-W33,Hiếu Hoài,vì Sắt thép nó cứng nguy hiểm. Thứ nguy hiểm là làm cho anh em thợ cứng hơn sắt thép 😁. Nên không nên làm ạ. 😁,1,0,0,1,0,NA,NA,NA,NA,NA
6004d71acca6ea6e,2026-W21,Tiểu My,Anh nào cầm máy...tay cứng phết,1,0,0,1,0,NA,NA,NA,NA,NA
a1c34316509acbfa,2026-W07,Lâm Khả Hân,Ở đâu mình đưa cậu về,1,0,0,0,0,NA,NA,NA,NA,NA
875764f15cf0583d,2026-W33,Quyên Nguyễn,Toan Nguyen mấy bố này có biết e này là sản phẩm của công nghệ AI k đấy,1,1,1,0,0,NA,NA,-1,NA,NA
8763d76d19f1bde9,2026-W26,Quyên Nguyễn,Chào người đẹp ở đâu vậy nè,1,0,0,1,0,+1,NA,NA,NA,NA
0d821b2b43c4077e,2026-W05,Tiểu Mỹ,Triệu Văn Dất tự tạo 1 em. Đi kkk,1,0,0,1,0,+1,NA,NA,NA,NA
6383fe2ee3d2b271,2026-W17,Lâm Khả Hân,Xinh quá em,1,0,0,1,0,+1,NA,NA,NA,NA
aab15af89fdd8a2e,2026-W14,Tiểu Mỹ,Buồn vậy!,1,0,0,1,0,NA,NA,NA,NA,NA
479b6913bb565e44,2026-W32,Quyên Nguyễn,❤️,1,0,0,1,0,NA,NA,NA,NA,NA
af5b75aa78e3cb0f,2026-W15,Tiểu Mỹ,hóng MV bài mới nha,1,0,0,1,1,NA,NA,NA,NA,NA
996b964a1e90d507,2026-W35,Hiếu Hoài,Còn việc gì làm kg,1,0,0,0,0,NA,NA,NA,NA,NA
5aaf68a908adebdb,2026-W06,Lâm Khả Hân,Lâm khả Hân.,1,0,0,0,0,NA,NA,NA,NA,NA
5c13db273a5417e5,2026-W08,Lâm Khả Hân,Xinh quá,1,0,0,1,0,+1,NA,NA,NA,NA
9a38768ecb092cbb,2026-W24,Lâm Khả Hân,Trà Tấn Trường hihi mặc đồ này nó dị á anh,1,0,0,1,0,+1,NA,NA,NA,NA
5ac768adccd4b85a,2026-W12,Tiểu Mỹ,Cute thế,1,0,0,1,0,+1,NA,NA,NA,NA
ab0c410fc0d40d96,2026-W25,Quyên Nguyễn,Follow,1,0,0,0,0,NA,NA,NA,NA,NA
b57127d7c3d15dde,2026-W23,Tiểu My,Nhép nhép theo,1,1,0,0,0,NA,-1,NA,NA,NA
0a6caea1eb808dee,2026-W08,Lâm Khả Hân,Sin :),1,0,0,0,0,NA,NA,NA,NA,NA
cbe95ae278b53587,2026-W30,Hiếu Hoài,Thủy nói rất hay,1,0,0,1,0,NA,+1,NA,NA,NA
5ad6d47441cd4d15,2026-W26,Quyên Nguyễn,Cô đừnq có gạt e nha,1,0,0,1,0,NA,NA,NA,NA,NA
934fcbfb968e5347,2026-W30,Quyên Nguyễn,"bạn mặc đẹp thế này, thì mua cả người có dc không Quyên?",1,0,0,1,0,+1,NA,NA,NA,NA
8621aa79824f93c1,2026-W21,Tiểu My,Em nhin thật tuyệt vời,1,0,0,1,0,+1,NA,NA,NA,NA
7e265d5fe78c0896,2026-W15,Tiểu Mỹ,Chứ mà chồng em mê chị lắm rồi á,1,0,0,1,0,+1,NA,NA,NA,NA
50d57698b6a509ef,2026-W28,Quyên Nguyễn,Hàng căng đét,1,0,0,1,0,+1,NA,NA,NA,NA
1d7be4a06c3bcfd6,2026-W20,Tiểu My,Ko đẹp ở vẻ bề ngoài thì tập làm méo gì xl,1,0,0,1,0,+1,NA,NA,NA,NA
3abae8cf5ff740c5,2026-W33,Hiếu Hoài,AI lừa đảo buff cmt và view,1,1,0,0,0,NA,NA,NA,NA,NA
76eaaab4186c260a,2026-W30,Quyên Nguyễn,Xuyên không AI máy tính tạo ra hình giả mạo lừa mua hàng,1,0,1,0,0,NA,NA,NA,NA,NA
96bc5e19b07eb045,2026-W28,Hiếu Hoài,Chuẩn đấy em,1,0,0,1,0,+1,NA,NA,NA,NA
1290b8c91287e18d,2026-W22,Tiểu My,Would love coming up from behind you while you're in that position and do both your holes,1,0,0,0,0,NA,NA,NA,NA,NA
246b0946c7dfd39f,2026-W20,Tiểu Mỹ,"Ca sĩ AI hát thì hay thật xinh thật nhưng sao cứ bị đơ đơ ,k gì bằng con người hát.",1,0,1,0,0,NA,NA,NA,NA,NA
8c69592026c2fe1b,2026-W06,Tiểu Mỹ,Cho mình xin link full vs?! Hay quá à,1,0,0,1,0,NA,NA,NA,NA,NA
465bdac6905bf76a,2026-W33,Quyên Nguyễn,1 cô AI mà bao nhiêu ních lừa tình yêu,1,0,1,0,0,NA,NA,NA,NA,NA
7c0770971db87937,2026-W26,Quyên Nguyễn,UAV cảm tử ( tất cả tránh ra để tôi xử lý ),1,0,0,1,0,NA,NA,NA,NA,NA
4e1d91653e3bc1af,2026-W20,Tiểu Mỹ,Love you,1,0,0,1,0,NA,NA,NA,NA,NA
c3f85536996bc462,2026-W20,Tiểu My,Tiểu My giá như nào vậy,1,0,0,0,1,NA,NA,NA,NA,NA
1d38c4a6bd8f2c34,2026-W27,Quyên Nguyễn,Co đon lâu qua rồi em oi,1,0,0,1,0,NA,NA,NA,NA,NA
b6e008a6ebe29887,2026-W30,Quyên Nguyễn,Chịu,1,0,0,0,0,NA,NA,NA,NA,NA
b438a669c7cb11f3,2026-W16,Lâm Khả Hân,Sao nói anh chửi em?,1,0,0,0,0,NA,NA,NA,NA,NA
9157650873f0ac8e,2026-W31,Quyên Nguyễn,https://www.facebook.com/share/r/1DZ1KC7W4B/ Mọi người ủng hộ e nhé,1,0,0,0,0,NA,NA,NA,NA,NA
2eb1d95e8d4214ff,2026-W31,Tiểu My,Bản chất lành mạnh bình dị .sẽ được hạnh phúc,1,0,0,1,0,+1,NA,NA,NA,NA
8ec9be62672f0775,2026-W28,Quyên Nguyễn,Thôi khó quá ở như thế đi cưng,1,0,0,1,0,NA,NA,NA,NA,NA
38ae29e6c18a3095,2026-W12,Tiểu Mỹ,Nam Nhat đoán xem,1,0,0,0,0,NA,NA,NA,NA,NA
0ac119d2ecd52f47,2026-W04,Tiểu Mỹ,Em tìm mãi mà chẳng thấy bên zing mp3 luôn á,1,0,0,0,0,NA,NA,NA,NA,NA
5fe166f5ec64f2a1,2026-W30,Quyên Nguyễn,Bằng tuổi chịu không kkk,1,0,0,1,0,NA,NA,NA,NA,NA
4480a80b0177b317,2026-W26,Quyên Nguyễn,"Thôi,ráng lên,a thương.",1,0,0,1,0,NA,NA,NA,NA,NA
596ba9fd92090f1e,2026-W13,Tiểu Mỹ,"Linn Linn bạn này chỉ là AI chuyển động lại cử chỉ của người thật thôi (tương tự như mấy video em bé nhảy trên tiktok ấy bạn lên tìm thử), nên khoảng cách thành nhân vật ảo còn xa lắm. hiểu hơi lệch xíu thì hiện tại bạn Tiểu Mỹ này chỉ như là dùng AI ghép mặt mà thôi.",1,0,1,0,0,NA,NA,NA,NA,NA
7a5575bfd62b5b12,2026-W20,Tiểu My,Trời ơi hàng khủng đây rồi kkka,1,0,0,1,0,NA,NA,NA,NA,NA
a6cc25d82f291983,2026-W34,Hiếu Hoài,Hay dị,1,0,0,1,0,NA,NA,NA,NA,NA
f613c60974a63bb3,2026-W18,Tiểu Mỹ,Hát nhép,1,0,0,1,0,NA,NA,NA,NA,NA
acfb9f38674d6ecb,2026-W10,Tiểu Mỹ,"Nguyễn Hiền Hiền Hồ đòi so đẳng cấp với LBH, cháu bao nhiêu tuổi rồi mà nói như đứa trẻ lên 3 thế. Giọng HH thì yếu, lên đến nửa đường thì đứt cột hơi, người có kiến thức âm nhạc nghe là nhận ra ngay. Còn cháu thì cuồng quá rồi.",1,0,0,0,0,NA,NA,NA,NA,NA
44ba55e0ebc6770a,2026-W07,Lâm Khả Hân,Anh chỉ thích chơi mỗi cầu trượt thôi,1,0,0,1,0,NA,NA,NA,NA,NA
c90ee7159958db42,2026-W33,Quyên Nguyễn,Cô bác tên lừa đảo dâm cho sung sướng suốt đời,1,0,0,0,0,NA,NA,NA,NA,NA
1a5750961dce7af3,2026-W30,Hiếu Hoài,Bố Đơn Thân Văn vâng a,1,0,0,0,0,NA,NA,NA,NA,NA
8f0eb283b4d4023a,2026-W08,Lâm Khả Hân,"Lâm Khả Hân Đúng là, chẳng thể qua được mắt Em",1,0,0,1,0,NA,NA,NA,NA,NA
859b95d7dec3a998,2026-W18,Tiểu Mỹ,Ta Dao sợ ra Tiểu Nhân thì bỏ mẹ😆,1,0,0,0,0,NA,NA,NA,NA,NA
69f37118ce5584f4,2026-W05,Lâm Khả Hân,Nguyễn Luân e hiện tại chưa mún iu nè,1,0,0,0,0,NA,NA,NA,NA,NA
1c17d01be2e331fc,2026-W23,Tiểu My,Nice,1,0,0,0,0,NA,NA,NA,NA,NA
4d366f0b020ce75d,2026-W28,Quyên Nguyễn,E ơi tạo nhiều nic lam gì chỉ cần 1 nick chính là họ po lo e rồi người ta gọi là lường gạt đó e,1,0,1,0,0,NA,NA,NA,NA,NA
80383147d6ed5784,2026-W24,Tiểu Mỹ,Vòng 3 hơi lép,1,0,0,1,0,+1,NA,NA,NA,NA
c1101ee73cc94388,2026-W12,Tiểu Mỹ,"Tâm lý con người ""ví dụ như cảm xúc"" là sự phản ánh thực tại của thế giới khách quan vào não thông qua các giác quan. AI nếu tạo ra như một đứa trẻ mới sinh ra rồi trưởng thành thì dần dần cũng hình thành cảm xúc.",1,0,1,0,0,NA,NA,NA,NA,NA
4a0a7605e6c7bb00,2026-W32,Hiếu Hoài,Hiếu Hoài a ít giám nhìn lắm vì hay bị ám ảnh xem là k giám ngủ là có thật e ơi,1,0,0,1,0,NA,NA,NA,NA,NA
cc1ffc3fdb6ab08a,2026-W27,Quyên Nguyễn,Người đẹp thì mặc gì cũng đẹp hì.,1,0,0,1,0,+1,NA,NA,NA,NA
f0cd157cd0215138,2026-W34,Hiếu Hoài,Em đẹp gái cho anh theo với 15 hàng tháng gối lương thì OK ah có một đội thợ hơn 10 người,1,0,0,1,0,NA,NA,NA,NA,NA
cef2f450c08aba41,2026-W21,Tiểu My,Đẹp nhẹ nhàng ko hiểu sao họ cứ tập cho cái phao câu nó to lên làm gì. Nhìn phát kinh,1,0,0,1,0,-1,NA,NA,NA,NA
cb4f37f0f0cc8756,2026-W12,Tiểu Mỹ,Mình xin link full youtube đc k? Hay qé,1,0,0,0,1,NA,NA,NA,NA,NA
e906189adaa2b7e7,2026-W28,Tiểu My,Hàng đẹp quá e ơi,1,0,0,1,0,+1,NA,NA,NA,NA
0fa0c5ecdddd15c5,2026-W28,Quyên Nguyễn,Mới 39 thôi em ơi,1,0,0,1,0,NA,NA,NA,NA,NA
2dab3065fd70b292,2026-W24,Hiếu Hoài,Dũng Kòy Buộc láp 40d,1,0,0,1,0,NA,NA,NA,NA,NA
40e1b0769f2fe382,2026-W04,Tiểu Mỹ,"bác render ở bao nhiêu fps thế, nếu k tham thông số quá em nghĩ ren ở 24 thôi, thêm motion blur cho thật bác ạ 🙁",1,0,0,0,0,NA,NA,NA,NA,NA
db00a65c6b3e99d1,2026-W27,Tiểu My,Quang Trần kìa anh. Thôi nào,1,0,0,0,0,NA,NA,NA,NA,NA
c89dcbb65feecfc6,2026-W13,Tiểu Mỹ,"Tiểu Mỹ làm như Hatsune Miku ấy, làm 3D luôn",1,0,0,1,0,NA,NA,NA,NA,NA
fe09627d3ec44654,2026-W34,Hiếu Hoài,Mưa ☔ cho ae nghỉ thôi e ko mai lại cảm ốm đó nhe,1,0,0,1,0,NA,NA,NA,NA,NA
6c8f6724671412a3,2026-W27,Quyên Nguyễn,Xạo,1,0,1,0,0,NA,NA,NA,NA,NA
0400a54d21f33150,2026-W29,Hiếu Hoài,Con gái ăn thịt ít thôi thủy,1,0,0,1,0,NA,NA,NA,NA,NA
a8fa4e64134f7825,2026-W05,Tiểu Mỹ,Cái mặt giống Hàn Quốc lai China quá,1,0,0,1,0,+1,NA,NA,NA,NA
0b1fab85ae32a000,2026-W14,Lâm Khả Hân,Việt Hồng kiểu lấy hình ảnh mấy hot girl trung quốc xong đi lừa tềnh đấy,1,0,1,0,0,NA,NA,NA,NA,NA
cb2a11e66ba24c35,2026-W29,Tiểu My,Hàng ngon,1,0,0,1,0,+1,NA,NA,NA,NA
b2f748945a97e5c1,2026-W25,Quyên Nguyễn,E bán à,1,0,0,1,1,NA,NA,NA,NA,NA
bd1ff15bc54843ee,2026-W26,Quyên Nguyễn,Hình này toàn AI nha ae,1,0,1,0,0,NA,NA,NA,NA,NA
994b2160e026025c,2026-W32,Quyên Nguyễn,Thứ lừa đảo,1,0,1,0,0,NA,NA,NA,NA,NA
2e8a075059cbe37a,2026-W07,Lâm Khả Hân,Lâm Khả Hân vâng chào công chúa,1,0,0,1,0,NA,NA,NA,NA,NA
04bdf45fa5f80b2c,2026-W21,Tiểu Mỹ,tất cả chúng ta bị lừa rồi thật ra tiểu mỹ không phải là AI cô ấy là người thật ￼,1,0,1,1,0,NA,NA,NA,NA,NA
da1180a424d260d6,2026-W27,Quyên Nguyễn,Thế rồi thèm giữ chưa.???,1,0,0,1,0,NA,NA,NA,NA,NA
46abf1c62daa96c1,2026-W33,Hiếu Hoài,AI lừa đảo,1,0,1,0,0,NA,NA,NA,NA,NA
5f7e1d0c6ef2162a,2026-W09,Lâm Khả Hân,Bùi Hữu Nguyên,1,0,0,0,0,NA,NA,NA,NA,NA
82740cbd0ebe7835,2026-W26,Quyên Nguyễn,Cô chủ bán hoa ạ,1,0,0,1,0,NA,NA,NA,NA,NA
42a5fa56e01538a4,2026-W22,Hiếu Hoài,Nguyễn Văn nhẹ nhàng 4 cụ :)),1,0,0,1,0,NA,NA,NA,NA,NA
9b2272f333950f88,2026-W28,Quyên Nguyễn,AI thôi ae ạ,1,0,1,0,0,NA,NA,NA,NA,NA
6d2a809e20b792b8,2026-W10,Lâm Khả Hân,Lâm Khả Hân vợ nó bảo cho em làm chính thất rồi. Thằng kia gần nhà anh. Uy tín. Gần nhà anh 1 đoạn. Cách có 2 nghìn km thôi.,1,0,0,1,0,NA,NA,NA,NA,NA
9851584ca06f02e5,2026-W20,Tiểu My,Khoai Bánh Bèo cái gì 30cm ạ,1,0,0,0,0,NA,NA,NA,NA,NA
a32e07796cb34d2b,2026-W28,Tiểu My,Thích màu hồng gét sự giả dối,1,0,0,1,0,NA,NA,NA,NA,NA
6b117394b4d112d0,2026-W11,Lâm Khả Hân,Van The Cuong,1,0,0,0,0,NA,NA,NA,NA,NA
665ec6e6e749380c,2026-W20,Tiểu My,Anh ước gì đc sở hữu em một lần thôi,1,0,0,1,0,NA,NA,NA,NA,NA
a80974c2ff0bdae5,2026-W35,Hiếu Hoài,Mát 40 nhé,1,0,0,1,0,NA,NA,NA,NA,NA
ec73fcbcd85924d9,2026-W22,Tiểu My,Cởi quần banh lồn ra đi con chó cái,1,0,0,1,0,NA,NA,NA,NA,NA
bf236b1b86bc87a4,2026-W33,Hiếu Hoài,Hiếu Hoài xin giá,1,0,0,0,1,NA,NA,NA,NA,NA
b952801a458b71ff,2026-W13,Tiểu Mỹ,Thì thôi,1,0,0,0,0,NA,NA,NA,NA,NA
4ee4871d8191e87d,2026-W17,Tiểu Mỹ,Mới được thay bộ vấy đẹp,1,0,0,1,0,+1,NA,NA,NA,NA
4a9af24ec9c2700a,2026-W31,Quyên Nguyễn,https://www.facebook.com/share/1ERaTb1JhW/,1,0,0,0,0,NA,NA,NA,NA,NA
d6979e28f1a771cb,2026-W27,Quyên Nguyễn,Già đc thôi à chứ già quá hihi,1,0,0,1,0,NA,NA,NA,NA,NA
bba9205df6211009,2026-W26,Tiểu My,아름답다,1,0,0,0,0,NA,NA,NA,NA,NA
f6caf1f6e24e4142,2026-W18,Tiểu Mỹ,"Mấy bức này hơi giả quá,chắc trọng nhân hết tiền r à",1,0,0,0,0,NA,NA,NA,NA,NA
56e0bc2e20475f58,2026-W20,Tiểu My,Mé nó giờ toàn thấy lol to thôi,1,0,0,1,0,NA,NA,NA,NA,NA
a9f1f728aa95c6ec,2026-W19,Tiểu Mỹ,Tặng thêm 80%mực ￼(QUÀ 50K) Bút lông màu Acrylic Markers Deli EC191 hộp 12/24/36/64 Box Màu Acrylic Marker cho Bé Học Sinh Mỹ thuật Copy mã lên ô tìm kiếm shopee nha BBG-NSM-BXM,1,0,0,0,0,NA,NA,NA,NA,NA
d9b2b99f54576eeb,2026-W15,Tiểu Mỹ,"bài này hay mà, t cày suốt =))",1,0,0,1,0,NA,+1,NA,NA,NA
4daf78cfbd5eeb70,2026-W13,Tiểu Mỹ,Muốn làm Mỹ Nhân thì phải mua AI. Không dễ ăn chút nào khó hơn con người nói chuyện với nhau nữa.,1,0,1,1,0,NA,NA,NA,NA,NA
46a0e42f59455599,2026-W28,Quyên Nguyễn,Bé xinh,1,0,0,1,0,NA,NA,NA,NA,NA
85558900a1125d2b,2026-W09,Tiểu Mỹ,????,1,0,0,0,0,NA,NA,NA,NA,NA
009d212d8ecd2f12,2026-W21,Tiểu My,Huỳnh Phát giá gì ạ,1,0,0,0,0,NA,NA,NA,NA,NA
15c1505d54c47cba,2026-W07,Lâm Khả Hân,Xin séc cầu a,1,0,0,0,0,NA,NA,NA,NA,NA
9d235ddd879c1316,2026-W26,Quyên Nguyễn,Khoái nhất hậu cung,1,0,0,1,0,NA,NA,NA,NA,NA
4dfe27d61d7d3bc3,2026-W04,Tiểu Mỹ,"thí dụ mình ít cử động một chút, ít biểu cảm một chút thì AI xử lý đỡ cực với mượt hơn hơm?",1,0,1,0,0,NA,-1,NA,NA,NA
35d3659d9884f000,2026-W04,Tiểu Mỹ,"Nhìn hơi lố, giả giả sao ấy",1,1,1,0,0,-1,NA,NA,NA,NA
7afc8b63a2795d1c,2026-W31,Quyên Nguyễn,Boe ing 747 hả,1,0,0,1,0,NA,NA,NA,NA,NA
5861f6e6597f712d,2026-W10,Tiểu Mỹ,Chi Phuc dùng ai giả dối.,1,0,1,0,0,NA,NA,NA,NA,NA
afa30ab4864b6cca,2026-W31,Quyên Nguyễn,Nhưng trong giỏ hàng thì lại không có cổ như em mặc,1,0,0,0,1,NA,NA,NA,NA,NA
834b67cd6e9f30f0,2026-W33,Tiểu Mỹ,Tuất Trần ủa bán quạt là bán ảnh bán clip thui mờ,1,0,0,1,0,NA,NA,NA,NA,NA
9ee4ae5e9f35bc3e,2026-W25,Hiếu Hoài,Dế Mèn vâng a . E cũng ước được thuộc hết như a,1,0,0,1,0,NA,NA,NA,NA,NA
a00932cb527fe218,2026-W27,Quyên Nguyễn,Làm sao quen đc chi,1,0,0,1,0,NA,NA,NA,NA,NA
77c5e014c1e35f30,2026-W31,Hiếu Hoài,Anh Hoang Hoàng Anh hii e làm vdeo nó k nhẹ nhàng đk ý,1,0,0,1,0,NA,NA,NA,NA,NA
09536a551b516d54,2026-W08,Lâm Khả Hân,Dễ thương thật,1,0,0,1,0,NA,NA,NA,NA,NA
8745b998cf8f4e15,2026-W16,Tiểu Mỹ,Hít thở hjjj,1,0,0,1,0,NA,NA,NA,NA,NA
deaf01a40848f144,2026-W33,Tiểu My,Soạng vưa thôi o lo soac to gia đây e ạ,1,0,0,1,0,NA,NA,NA,NA,NA
a8468923080bc1e9,2026-W30,Hiếu Hoài,có kĩ sư giám sát như vậy thì mọi ctrinh vĩnh cửu...cảm ơn cô kĩ sư nhiều,1,0,0,1,0,NA,NA,NA,NA,NA
ef6e233d42dabec5,2026-W33,Quyên Nguyễn,Ship,1,0,0,0,0,NA,NA,NA,NA,NA
0e24724cb578e604,2026-W05,Lâm Khả Hân,Anh hướng về em ..mà em lại hướng nội tiếp he,1,0,0,1,0,NA,NA,NA,NA,NA
bebf845eb68e5a8a,2026-W30,Quyên Nguyễn,"Avatar is softly scowling with one eyebrow raised, with purple text above them that reads ""Meh"".",1,0,0,1,0,NA,NA,NA,NA,NA
88b2d6dabf182874,2026-W29,Quyên Nguyễn,💜,1,0,0,0,0,NA,NA,NA,NA,NA
0476e75ef82e5c6a,2026-W07,Lâm Khả Hân,Dễ thương quá,1,0,0,1,0,NA,NA,NA,NA,NA
4f744abe50602b18,2026-W10,Lâm Khả Hân,Đã xinh lại hát hay nữa,1,0,0,1,0,NA,NA,NA,NA,NA
4b2c678d6270f6dd,2026-W31,Hiếu Hoài,Toàn AI,1,0,1,0,0,NA,NA,NA,NA,NA
6b4dec8c63a70e66,2026-W10,Lâm Khả Hân,Chắc là giấu chứ trai sắp hàng dài chứ,1,0,0,1,0,NA,NA,NA,NA,NA
2b9bedcdb08bbe37,2026-W13,Tiểu Mỹ,"Linn Linn bạn này chỉ là AI chuyển động lại cử chỉ của người thật thôi (tương tự như mấy video em bé nhảy trên tiktok ấy bạn lên tìm thử), nên khoảng cách thành nhân vật ảo còn xa lắm. hiểu hơi lệch xíu thì hiện tại bạn Tiểu Mỹ này chỉ như là dùng AI ghép mặt mà thôi.",1,0,1,0,0,NA,NA,NA,NA,NA
623be5d28c71e7b9,2026-W34,Hiếu Hoài,Phi Thành,1,0,0,0,0,NA,NA,NA,NA,NA
3f13d80d555a13ce,2026-W15,Tiểu Mỹ,Tôi lại thích bài này nhất,1,0,0,1,1,NA,NA,NA,NA,NA
11c6fce085831d2f,2026-W20,Tiểu My,Ngọc Thanh e tập quen rồi nên cũng bình thường thôi ạ,1,0,0,1,0,NA,NA,NA,NA,NA
ce6b92fd58b8ea76,2026-W21,Tiểu My,https://s.shopee.vn/AAE4OaHrAz,1,0,0,0,0,NA,NA,NA,NA,NA
8e65439f1a87fa35,2026-W20,Tiểu Mỹ,AI thôi,1,0,1,0,0,NA,NA,NA,NA,NA
01be467b83cc8302,2026-W22,Tiểu My,Sao rộng thế nhỉ,1,0,0,1,0,NA,NA,NA,NA,NA
79495634bc07645f,2026-W33,Hiếu Hoài,Lý luận thủy giỏi quá các a phải chịu thua thôi,1,0,0,1,0,NA,NA,NA,NA,NA
66d90054e6e1d63e,2026-W18,Lâm Khả Hân,Hân quê đâu thế,1,0,0,1,0,NA,NA,NA,NA,NA
3eaefd66f411b2e6,2026-W29,Tiểu My,Tuyệt vời,1,0,0,1,0,NA,NA,NA,NA,NA
65a1c7145a1208d1,2026-W14,Tiểu Mỹ,Thích nghe trạng thái mộng mơ vs hôn lễ của anh thôi,1,0,0,1,0,NA,NA,NA,NA,NA
09a43c74f9a9ca6d,2026-W26,Quyên Nguyễn,É toáng á,1,0,0,1,0,NA,NA,NA,NA,NA
893430dd28919cb4,2026-W32,Hiếu Hoài,Nguyễn Danh gặp mấy ông ngu thôi chứ tôi giám sát từ trạm trộn có mà cty ăn đủ,1,0,0,1,0,NA,NA,NA,NA,NA
0ef18bd88d4bbead,2026-W22,Lâm Khả Hân,❤️❤️,1,0,0,0,0,NA,NA,NA,NA,NA
44f57f37adfeb008,2026-W29,Quyên Nguyễn,E xạo quá,1,0,0,1,0,NA,NA,NA,NA,NA
0ee51329e5f3c7b6,2026-W26,Hiếu Hoài,a Nhìn e cứ như bị thôi miên ý nhỉ chả biết kiểu nào đẹp nữa hihi,1,0,0,1,0,+1,NA,NA,NA,NA
6b311eabf4837e61,2026-W22,Tiểu Mỹ,Thật hơn cả người thật.,1,0,0,1,0,+1,NA,NA,NA,NA
2b548b1b53868385,2026-W22,Tiểu My,Tha hóa đạo đức có cái loại vợ này thì cũng không ra gì thiếu giáo dục,1,0,0,1,0,NA,NA,NA,NA,NA
1af8f8a0e3ad3e13,2026-W31,Quyên Nguyễn,Ib,1,0,0,0,0,NA,NA,NA,NA,NA
17fe8850a20ad4a3,2026-W06,Tiểu Mỹ,Giá mà ko lộ mặt nhân vật đứng sau thì tôi đã xem vid này một cách bth.bh nhìn thấy lại tưởng tượng ra một ông Nhân đang làm những hành động này,1,1,1,0,0,NA,NA,NA,NA,NA
41be106f7255b473,2026-W34,Hiếu Hoài,"Có cái cần cứng, nhưng cũng có cái cần dẽo. Cứng quá chưa chắc tốt!",1,0,0,1,0,NA,NA,NA,NA,NA
0a90ab50bfe0eeff,2026-W29,Hiếu Hoài,Về đi thôi em ơi,1,0,0,1,0,NA,NA,NA,NA,NA
a821cab58233d006,2026-W07,Tiểu Mỹ,"Trông cứng quá cả về âm thanh lẫn hình ảnh, không có độ tự nhiên nhìn vào là biết không phải thật rồi. Clip diễn giải bản thân là chính còn thằng bên dưới AI là thật nhất",1,0,1,0,0,NA,NA,NA,NA,NA
1a32b1f4d03a8687,2026-W32,Hiếu Hoài,Hoàng Ánh thôi ô mõm,1,0,0,1,0,NA,NA,NA,NA,NA
13f0623623e22326,2026-W07,Lâm Khả Hân,Đẹp,1,0,0,1,0,+1,NA,NA,NA,NA